<?xml version="1.0" encoding="UTF-8"?>
<beans xmlns="http://www.springframework.org/schema/beans"
	xmlns:context="http://www.springframework.org/schema/context"
	xmlns:xsi="http://www.w3.org/2001/XMLSchema-instance" xmlns:p="http://www.springframework.org/schema/p"
	xmlns:aop="http://www.springframework.org/schema/aop" xmlns:tx="http://www.springframework.org/schema/tx"
	xsi:schemaLocation="
	http://www.springframework.org/schema/beans http://www.springframework.org/schema/beans/spring-beans-3.2.xsd
	http://www.springframework.org/schema/context http://www.springframework.org/schema/context/spring-context-3.0.xsd
    http://www.springframework.org/schema/tx http://www.springframework.org/schema/tx/spring-tx-3.2.xsd
    http://www.springframework.org/schema/aop http://www.springframework.org/schema/aop/spring-aop-3.2.xsd"
    default-autowire="byName" default-lazy-init="true">
	
	<import resource="classpath:betaa/dataSource.xml" />
	<import resource="classpath:betaa/dataSource_account.xml" />
	<import resource="classpath:betaa/dataSource_multi.xml" />
    <import resource="classpath:spring/applicationContext-bean.xml" />	
  <import resource="classpath:spring/applicationContext-task.xml" />
	<import resource="classpath:spring/spring-properties.xml"/>
	<import resource="classpath:common/applicationContext-common.xml" />
	<import resource="classpath:spring/spring-dubbo-consumer.xml" />
	<import resource="classpath:spring/spring-dubbo.xml" />
	<!-- 开启组件扫描 -->
    <context:component-scan base-package="com.rkylin.settle.*" />
	<!--开启注解处理器-->
    <context:annotation-config />
	
	<!-- 整合mybatis
	<bean id="sqlSessionFactory" class="org.mybatis.spring.SqlSessionFactoryBean">
		<property name="dataSource" ref="settleDataSource" />
		<property name="configLocation" value="classpath:mybatisConfig.xml" />
	</bean>
	
	<bean class="com.rkylin.database.BaseDao">
		<property name="batchSqlSessionFactory" ref="sqlSessionFactory" />
	</bean> -->
	
	 
</beans>